﻿Name,Attack_Surface,Domain,FQDN,Hostname,Notable_Users,Notes,OS,Open_Ports,Role,SMB_Signing,Security_Status,Services
192.168.20.10,"IIS Web Server, TRACE method enabled",sevenkingdoms.local,kingslanding.sevenkingdoms.local,KINGSLANDING,"robert.baratheon, cersei.lannister, tyrion.lannister","Root domain DC, Small Council RDP group, administrative users",Windows Server 2019 (Build 17763),"53,80,88,135,139,389,445,464,593,636,3268,3269,3389",Domain Controller (Root Forest),Required,Hardened,"DNS, LDAP, Kerberos, SMB, RDP, HTTP (IIS 10.0)"
192.168.20.11,"User enumeration successful, weak passwords",north.sevenkingdoms.local,winterfell.north.sevenkingdoms.local,WINTERFELL,"eddard.stark, jon.snow, hodor, samwell.tarly, brandon.stark","Child domain DC, Stark family users, Night Watch group",Windows Server 2019 (Build 17763),"53,88,135,139,389,445,464,593,636,3268,3269,3389",Domain Controller (Child Domain),Required,Compromised Users,"DNS, LDAP, Kerberos, SMB, RDP"
192.168.20.12,"Cross-forest attack paths, trust relationships",essos.local,meereen.essos.local,MEEREEN,"daenerys.targaryen, missandei, viserys.targaryen","Separate forest root, Targaryen family, cross-domain trusts",Windows Server 2016 (Build 14393),"53,88,135,139,389,445,464,593,636,3268,3269,3389",Domain Controller (Separate Forest),Required,Cross-Forest Trust,"DNS, LDAP, Kerberos, SMB, RDP"
192.168.20.22,"MSSQL trusted links, ASPX upload capability, WinDefender disabled",north.sevenkingdoms.local,castelblack.north.sevenkingdoms.local,CASTELBLACK,"jon.snow (MSSQL Admin), jeor.mormont (Local Admin)","MSSQL admin: jon.snow, trusted link to BRAAVOS, ASP upload allowed",Windows Server 2019 (Build 17763),"80,135,139,445,1433,3389",Database/Web Server,Not Required,Critical Risk,"MSSQL 2019, SMB, RDP, HTTP (IIS 10.0)"
192.168.20.23,"Multiple accessible shares, Certificate Services, active sessions",essos.local,braavos.essos.local,BRAAVOS,"khal.drogo (MSSQL Admin), jorah.mormont (Trusted Links)","Certificate Authority, CertEnroll share, 'all' share R/W access",Windows Server 2016 (Build 14393),"80,135,139,445,1433,3389",Database/Web/Certificate Server,Disabled,Critical Risk,"MSSQL 2019, SMB, RDP, HTTP (IIS 10.0), Certificate Services"